AminoAcid,Codon,EffectiveNumCodons,Frecuency,RSCU,ColumnIndex,index,Species
Lys,aaa,310,"0,0275751645614659","1,19001919385797",1,Lys M_oleifera_MT,M_oleifera_MT
Asn,aac,119,"0,0105853051058531","0,670422535211268",1,Asn M_oleifera_MT,M_oleifera_MT
Lys,aag,211,"0,0187689023305462","0,809980806142035",2,Lys M_oleifera_MT,M_oleifera_MT
Asn,aat,236,"0,0209927059242128","1,32957746478873",2,Asn M_oleifera_MT,M_oleifera_MT
Thr,aca,142,"0,0126312044120263","0,979310344827586",1,Thr M_oleifera_MT,M_oleifera_MT
Thr,acc,145,"0,0128980608432663",1,2,Thr M_oleifera_MT,M_oleifera_MT
Thr,acg,92,"0,00818359722469312","0,63448275862069",3,Thr M_oleifera_MT,M_oleifera_MT
Thr,act,201,"0,0178793808930795","1,38620689655172",4,Thr M_oleifera_MT,M_oleifera_MT
Arg,aga,204,"0,0181462373243195","1,47826086956522",1,Arg M_oleifera_MT,M_oleifera_MT
Ser,agc,104,"0,00925102294965309","0,617821782178218",1,Ser M_oleifera_MT,M_oleifera_MT
Arg,agg,100,"0,00889521437466643","0,72463768115942",2,Arg M_oleifera_MT,M_oleifera_MT
Ser,agt,168,"0,0149439601494396","0,998019801980198",2,Ser M_oleifera_MT,M_oleifera_MT
Ile,ata,232,"0,0206368973492261","0,807424593967518",1,Ile M_oleifera_MT,M_oleifera_MT
Ile,atc,247,"0,0219711795054261","0,859628770301624",2,Ile M_oleifera_MT,M_oleifera_MT
Met,atg,283,"0,025173456680306",1,1,Met M_oleifera_MT,M_oleifera_MT
Ile,att,383,"0,0340686710549724","1,33294663573086",3,Ile M_oleifera_MT,M_oleifera_MT
Gln,caa,232,"0,0206368973492261","1,491961414791",1,Gln M_oleifera_MT,M_oleifera_MT
His,cac,61,"0,00542608076854652","0,453531598513011",1,His M_oleifera_MT,M_oleifera_MT
Gln,cag,79,"0,00702721935598648","0,508038585209003",2,Gln M_oleifera_MT,M_oleifera_MT
His,cat,208,"0,0185020458993062","1,54646840148699",2,His M_oleifera_MT,M_oleifera_MT
Pro,cca,170,"0,0151218644369329","1,08626198083067",1,Pro M_oleifera_MT,M_oleifera_MT
Pro,ccc,118,"0,0104963529621064","0,753993610223642",2,Pro M_oleifera_MT,M_oleifera_MT
Pro,ccg,109,"0,00969578366838641","0,696485623003195",3,Pro M_oleifera_MT,M_oleifera_MT
Pro,cct,229,"0,0203700409179861","1,46325878594249",4,Pro M_oleifera_MT,M_oleifera_MT
Arg,cga,187,"0,0166340508806262","1,35507246376812",3,Arg M_oleifera_MT,M_oleifera_MT
Arg,cgc,77,"0,00684931506849315","0,557971014492754",4,Arg M_oleifera_MT,M_oleifera_MT
Arg,cgg,93,"0,00827254936843978","0,673913043478261",5,Arg M_oleifera_MT,M_oleifera_MT
Arg,cgt,167,"0,0148550080056929","1,21014492753623",6,Arg M_oleifera_MT,M_oleifera_MT
Leu,cta,173,"0,0153887208681729","0,89328743545611",1,Leu M_oleifera_MT,M_oleifera_MT
Leu,ctc,115,"0,0102294965308664","0,593803786574871",2,Leu M_oleifera_MT,M_oleifera_MT
Leu,ctg,104,"0,00925102294965309","0,537005163511188",3,Leu M_oleifera_MT,M_oleifera_MT
Leu,ctt,260,"0,0231275573741327","1,34251290877797",4,Leu M_oleifera_MT,M_oleifera_MT
Glu,gaa,325,"0,0289094467176659","1,36268343815514",1,Glu M_oleifera_MT,M_oleifera_MT
Asp,gac,107,"0,00951787938089308","0,601123595505618",1,Asp M_oleifera_MT,M_oleifera_MT
Glu,gag,152,"0,013520725849493","0,637316561844864",2,Glu M_oleifera_MT,M_oleifera_MT
Asp,gat,249,"0,0221490837929194","1,39887640449438",2,Asp M_oleifera_MT,M_oleifera_MT
Ala,gca,170,"0,0151218644369329","0,984081041968162",1,Ala M_oleifera_MT,M_oleifera_MT
Ala,gcc,156,"0,0138765344244796","0,903039073806078",2,Ala M_oleifera_MT,M_oleifera_MT
Ala,gcg,87,"0,00773883650595979","0,503617945007236",3,Ala M_oleifera_MT,M_oleifera_MT
Ala,gct,278,"0,0247286959615727","1,60926193921852",4,Ala M_oleifera_MT,M_oleifera_MT
Gly,gga,296,"0,0263298345490126","1,52185089974293",1,Gly M_oleifera_MT,M_oleifera_MT
Gly,ggc,103,"0,00916207080590642","0,529562982005142",2,Gly M_oleifera_MT,M_oleifera_MT
Gly,ggg,137,"0,012186443693293","0,704370179948586",3,Gly M_oleifera_MT,M_oleifera_MT
Gly,ggt,242,"0,0215264187866928","1,24421593830334",4,Gly M_oleifera_MT,M_oleifera_MT
Val,gta,208,"0,0185020458993062","1,21459854014599",1,Val M_oleifera_MT,M_oleifera_MT
Val,gtc,126,"0,0112079701120797","0,735766423357664",2,Val M_oleifera_MT,M_oleifera_MT
Val,gtg,144,"0,0128091086995197","0,840875912408759",3,Val M_oleifera_MT,M_oleifera_MT
Val,gtt,207,"0,0184130937555595","1,20875912408759",4,Val M_oleifera_MT,M_oleifera_MT
Stp,taa,19,"0,00169009073118662","1,46153846153846",1,Stp M_oleifera_MT,M_oleifera_MT
Tyr,tac,84,"0,0074719800747198","0,48695652173913",1,Tyr M_oleifera_MT,M_oleifera_MT
Stp,tag,6,"0,000533712862479986","0,461538461538462",2,Stp M_oleifera_MT,M_oleifera_MT
Tyr,tat,261,"0,0232165095178794","1,51304347826087",2,Tyr M_oleifera_MT,M_oleifera_MT
Ser,tca,194,"0,0172567158868529","1,15247524752475",3,Ser M_oleifera_MT,M_oleifera_MT
Ser,tcc,159,"0,0141433908557196","0,944554455445544",4,Ser M_oleifera_MT,M_oleifera_MT
Ser,tcg,147,"0,0130759651307597","0,873267326732673",5,Ser M_oleifera_MT,M_oleifera_MT
Ser,tct,238,"0,0211706102117061","1,41386138613861",6,Ser M_oleifera_MT,M_oleifera_MT
Stp,tga,14,"0,0012453300124533","1,07692307692308",3,Stp M_oleifera_MT,M_oleifera_MT
Cys,tgc,65,"0,00578188934353318","0,8125",1,Cys M_oleifera_MT,M_oleifera_MT
Trp,tgg,168,"0,0149439601494396",1,1,Trp M_oleifera_MT,M_oleifera_MT
Cys,tgt,95,"0,00845045365593311","1,1875",2,Cys M_oleifera_MT,M_oleifera_MT
Leu,tta,278,"0,0247286959615727","1,43545611015491",5,Leu M_oleifera_MT,M_oleifera_MT
Phe,ttc,311,"0,0276641167052126","0,845108695652174",1,Phe M_oleifera_MT,M_oleifera_MT
Leu,ttg,232,"0,0206368973492261","1,19793459552496",6,Leu M_oleifera_MT,M_oleifera_MT
Phe,ttt,425,"0,0378046610923323","1,15489130434783",2,Phe M_oleifera_MT,M_oleifera_MT
Lys,aaa,355,"0,0257227737120499","1,1198738170347",1,Lys M_stenopetala_MT,M_stenopetala_MT
Asn,aac,147,"0,0106514020723136","0,690140845070423",1,Asn M_stenopetala_MT,M_stenopetala_MT
Lys,aag,279,"0,0202159263821462","0,8801261829653",2,Lys M_stenopetala_MT,M_stenopetala_MT
Asn,aat,279,"0,0202159263821462","1,30985915492958",2,Asn M_stenopetala_MT,M_stenopetala_MT
Thr,aca,172,"0,0124628650097819","0,95955369595537",1,Thr M_stenopetala_MT,M_stenopetala_MT
Thr,acc,179,"0,012970074632273","0,99860529986053",2,Thr M_stenopetala_MT,M_stenopetala_MT
Thr,acg,117,"0,00847764654735164","0,652719665271967",3,Thr M_stenopetala_MT,M_stenopetala_MT
Thr,act,249,"0,0180421708571843","1,38912133891213",4,Thr M_stenopetala_MT,M_stenopetala_MT
Arg,aga,246,"0,0178247953046881","1,476",1,Arg M_stenopetala_MT,M_stenopetala_MT
Ser,agc,146,"0,0105789435548149","0,702485966319166",1,Ser M_stenopetala_MT,M_stenopetala_MT
Arg,agg,123,"0,00891239765234403","0,738",2,Arg M_stenopetala_MT,M_stenopetala_MT
Ser,agt,202,"0,0146366205347439","0,971932638331997",2,Ser M_stenopetala_MT,M_stenopetala_MT
Ile,ata,300,"0,0217375552496196","0,841908325537886",1,Ile M_stenopetala_MT,M_stenopetala_MT
Ile,atc,319,"0,0231142670820955","0,895229186155285",2,Ile M_stenopetala_MT,M_stenopetala_MT
Met,atg,352,"0,0255053981595537",1,1,Met M_stenopetala_MT,M_stenopetala_MT
Ile,att,450,"0,0326063328744294","1,26286248830683",3,Ile M_stenopetala_MT,M_stenopetala_MT
Gln,caa,276,"0,01999855082965","1,472",1,Gln M_stenopetala_MT,M_stenopetala_MT
His,cac,89,"0,00644880805738715","0,511494252873563",1,His M_stenopetala_MT,M_stenopetala_MT
Gln,cag,99,"0,00717339323237447","0,528",2,Gln M_stenopetala_MT,M_stenopetala_MT
His,cat,259,"0,0187667560321716","1,48850574712644",2,His M_stenopetala_MT,M_stenopetala_MT
Pro,cca,202,"0,0146366205347439","1,04663212435233",1,Pro M_stenopetala_MT,M_stenopetala_MT
Pro,ccc,159,"0,0115209042822984","0,823834196891192",2,Pro M_stenopetala_MT,M_stenopetala_MT
Pro,ccg,135,"0,00978189986232882","0,699481865284974",3,Pro M_stenopetala_MT,M_stenopetala_MT
Pro,cct,276,"0,01999855082965","1,4300518134715",4,Pro M_stenopetala_MT,M_stenopetala_MT
Arg,cga,225,"0,0163031664372147","1,35",3,Arg M_stenopetala_MT,M_stenopetala_MT
Arg,cgc,96,"0,00695601767987827","0,576",4,Arg M_stenopetala_MT,M_stenopetala_MT
Arg,cgg,116,"0,00840518802985291","0,696",5,Arg M_stenopetala_MT,M_stenopetala_MT
Arg,cgt,194,"0,014056952394754","1,164",6,Arg M_stenopetala_MT,M_stenopetala_MT
Leu,cta,221,"0,0160133323672198","0,91764705882353",1,Leu M_stenopetala_MT,M_stenopetala_MT
Leu,ctc,151,"0,0109412361423085","0,626989619377163",2,Leu M_stenopetala_MT,M_stenopetala_MT
Leu,ctg,142,"0,0102891094848199","0,58961937716263",3,Leu M_stenopetala_MT,M_stenopetala_MT
Leu,ctt,317,"0,022969350047098","1,31626297577855",4,Leu M_stenopetala_MT,M_stenopetala_MT
Glu,gaa,376,"0,0272444025795232","1,33570159857904",1,Glu M_stenopetala_MT,M_stenopetala_MT
Asp,gac,137,"0,00992681689732628","0,65083135391924",1,Asp M_stenopetala_MT,M_stenopetala_MT
Glu,gag,187,"0,0135497427722629","0,664298401420959",2,Glu M_stenopetala_MT,M_stenopetala_MT
Asp,gat,284,"0,0205782189696399","1,34916864608076",2,Asp M_stenopetala_MT,M_stenopetala_MT
Ala,gca,207,"0,0149989131222375","0,975265017667844",1,Ala M_stenopetala_MT,M_stenopetala_MT
Ala,gcc,202,"0,0146366205347439","0,95170789163722",2,Ala M_stenopetala_MT,M_stenopetala_MT
Ala,gcg,113,"0,00818781247735671","0,532391048292108",3,Ala M_stenopetala_MT,M_stenopetala_MT
Ala,gct,327,"0,0236939352220854","1,54063604240283",4,Ala M_stenopetala_MT,M_stenopetala_MT
Gly,gga,364,"0,0263749003695384","1,49333333333333",1,Gly M_stenopetala_MT,M_stenopetala_MT
Gly,ggc,127,"0,00920223172233896","0,521025641025641",2,Gly M_stenopetala_MT,M_stenopetala_MT
Gly,ggg,186,"0,0134772842547641","0,763076923076923",3,Gly M_stenopetala_MT,M_stenopetala_MT
Gly,ggt,298,"0,0215926382146221","1,2225641025641",4,Gly M_stenopetala_MT,M_stenopetala_MT
Val,gta,252,"0,0182595464096805","1,1830985915493",1,Val M_stenopetala_MT,M_stenopetala_MT
Val,gtc,158,"0,0114484457647997","0,741784037558685",2,Val M_stenopetala_MT,M_stenopetala_MT
Val,gtg,187,"0,0135497427722629","0,877934272300469",3,Val M_stenopetala_MT,M_stenopetala_MT
Val,gtt,255,"0,0184769219621767","1,19718309859155",4,Val M_stenopetala_MT,M_stenopetala_MT
Stp,taa,22,"0,0015940873849721","1,53488372093023",1,Stp M_stenopetala_MT,M_stenopetala_MT
Tyr,tac,106,"0,00768060285486559","0,515815085158151",1,Tyr M_stenopetala_MT,M_stenopetala_MT
Stp,tag,6,"0,000434751104992392","0,418604651162791",2,Stp M_stenopetala_MT,M_stenopetala_MT
Tyr,tat,305,"0,0220998478371133","1,48418491484185",2,Tyr M_stenopetala_MT,M_stenopetala_MT
Ser,tca,230,"0,0166654590247084","1,10665597433841",3,Ser M_stenopetala_MT,M_stenopetala_MT
Ser,tcc,204,"0,0147815375697413","0,981555733761026",4,Ser M_stenopetala_MT,M_stenopetala_MT
Ser,tcg,181,"0,0131149916672705","0,870890136327185",5,Ser M_stenopetala_MT,M_stenopetala_MT
Ser,tct,284,"0,0205782189696399","1,36647955092221",6,Ser M_stenopetala_MT,M_stenopetala_MT
Stp,tga,15,"0,00108687776248098","1,04651162790698",3,Stp M_stenopetala_MT,M_stenopetala_MT
Cys,tgc,82,"0,00594159843489602","0,845360824742268",1,Cys M_stenopetala_MT,M_stenopetala_MT
Trp,tgg,206,"0,0149264546047388",1,1,Trp M_stenopetala_MT,M_stenopetala_MT
Cys,tgt,112,"0,00811535395985798","1,15463917525773",2,Cys M_stenopetala_MT,M_stenopetala_MT
Leu,tta,337,"0,0244185203970727","1,39930795847751",5,Leu M_stenopetala_MT,M_stenopetala_MT
Phe,ttc,397,"0,0287660314469966","0,880266075388027",1,Phe M_stenopetala_MT,M_stenopetala_MT
Leu,ttg,277,"0,0200710093471488","1,15017301038062",6,Leu M_stenopetala_MT,M_stenopetala_MT
Phe,ttt,505,"0,0365915513368597","1,11973392461197",2,Phe M_stenopetala_MT,M_stenopetala_MT
